Control ID,Control Name,SCF Mapping,Status
ACME-SEC-01,Information Security Policy,GOV-01; GOV-02,Implemented
ACME-SEC-02,Security Awareness Training,SAT-02,Implemented
ACME-SEC-03,Access Control Policy,IAC-01,Implemented
ACME-NET-01,Firewall Configurations,NET-04,Implemented
ACME-NET-02,Intrusion Detection System,MON-01,Implemented
ACME-CRY-01,Data Encryption at Rest,CRY-07,Implemented
ACME-CRY-02,Data Encryption in Transit,CRY-05,Implemented
ACME-IAM-01,Multi-Factor Authentication,IAC-37,Partially implemented
ACME-IAM-02,Password Complexity,IAC-15,Implemented
ACME-BCP-01,Disaster Recovery Plan,BCD-01; BCD-24,Planned
